duration_day,count
0,898580
1,196007
2,193041
3,187794
4,166650
5,247711
6,405226
7,177241
8,155782
9,150803
10,145425
11,132417
12,155649
13,241678
14,124831
15,118070
16,114416
17,108327
18,94976
19,104850
20,154956
21,92598
22,92223
23,94128
24,89002
25,81433
26,94149
27,129520
28,82316
29,82665
30,80291
31,76967
32,67378
33,76741
34,97949
35,68589
36,66546
37,67118
38,64286
39,57366
40,65577
41,84211
42,56740
43,55185
44,56256
45,53294
46,47538
47,52820
48,65511
49,48164
50,45693
51,47129
52,45211
53,40824
54,46636
55,57619
56,40953
57,40379
58,40744
59,39671
60,35464
61,39039
62,46816
63,34748
64,34340
65,35038
66,33379
67,29608
68,33358
69,40615
70,29770
71,28955
72,29370
73,28216
74,25509
75,29285
76,33884
77,25447
78,24779
79,26346
80,25016
81,22724
82,24281
83,29337
84,22137
85,21912
86,22143
87,21027
88,18770
89,21381
90,24677
91,18816
92,18712
93,19325
94,18641
95,16645
96,19336
97,22151
98,17063
99,16995
100,17241
101,17134
102,14572
103,17328
104,19047
105,14873
106,14424
107,15124
108,14307
109,13178
110,15045
111,17332
112,13536
113,13096
114,13325
115,13032
116,11597
117,12891
118,14598
119,11397
120,11302
121,11716
122,11373
123,10200
124,11645
125,13560
126,10683
127,9992
128,10527
129,10052
130,8835
131,10373
132,11856
133,9154
134,8926
135,9707
136,8953
137,8527
138,9092
139,10412
140,8218
141,8032
142,8579
143,8093
144,7491
145,8326
146,10555
147,7314
148,7130
149,7817
150,7291
151,6397
152,7896
153,8364
154,6628
155,6502
156,6825
157,6557
158,5710
159,7660
160,7604
161,6115
162,5821
163,6207
164,6022
165,5263
166,5998
167,6734
168,5562
169,5348
170,5618
171,5262
172,4638
173,5146
174,6023
175,4916
176,4931
177,4837
178,4746
179,4284
180,4881
181,5737
182,4642
183,4342
184,4568
185,4281
186,3825
187,4382
188,5188
189,4147
190,4128
191,4099
192,3873
193,3774
194,4654
195,4628
196,3679
197,3744
198,3872
199,3713
200,3291
201,3784
202,4286
203,3257
204,3378
205,3618
206,3418
207,3132
208,3464
209,3849
210,3109
211,3003
212,3253
213,3261
214,2707
215,3206
216,3633
217,2854
218,2810
219,3111
220,2899
221,2532
222,2897
223,3247
224,2655
225,2717
226,2785
227,2478
228,2279
229,3107
230,3044
231,2428
232,2259
233,2378
234,2396
235,2167
236,2432
237,2909
238,2314
239,2143
240,2358
241,2164
242,2027
243,2541
244,2657
245,2134
246,1922
247,2145
248,2073
249,1938
250,2324
251,2425
252,1877
253,1786
254,2037
255,1900
256,1840
257,2413
258,2339
259,1745
260,1876
261,2158
262,1736
263,1659
264,1881
265,2148
266,1730
267,1550
268,1706
269,1602
270,1457
271,1803
272,2073
273,1531
274,1575
275,1701
276,1609
277,1419
278,2371
279,1877
280,1388
281,1439
282,1543
283,1462
284,1738
285,1946
286,1734
287,1435
288,1407
289,1403
290,1382
291,1244
292,1546
293,1673
294,1218
295,1228
296,1522
297,1208
298,1149
299,1487
300,1544
301,1169
302,1140
303,1299
304,1213
305,1052
306,1171
307,1493
308,1498
309,1059
310,1132
311,1153
312,1085
313,1186
314,1378
315,1100
316,1054
317,1142
318,1111
319,947
320,1309
321,1322
322,1056
323,985
324,1095
325,1015
326,879
327,1128
328,1263
329,1051
330,905
331,950
332,880
333,992
334,1080
335,1170
336,899
337,883
338,847
339,909
340,782
341,1080
342,1024
343,839
344,838
345,863
346,878
347,775
348,962
349,997
350,780
351,769
352,902
353,755
354,747
355,789
356,1055
357,773
358,768
359,774
360,803
361,661
362,821
363,1019
364,732
365,713
366+,216197
