factor_value,count,mean_days,p25_days_approx,median_days_approx,p75_days_approx,ended_within_7d_rate,ended_within_14d_rate,ended_within_30d_rate
3101,5305864,55.253454102856765,6,22,55,0.28367255549708775,0.41047132003383424,0.5901344248552168
3102,3639505,68.00760158318232,8,28,68,0.24742403156473203,0.35704745562926826,0.5258267264366995
3282,101893,197.26142129488778,37,110,272,0.06990666679752289,0.13048982756420952,0.2155692736498091
3103,99099,96.32944832944833,8,28,79,0.24529006347188165,0.35661308388581114,0.5154744245653337
3104,59126,70.73960694110882,6,23,62,0.2789804823597064,0.4042891452153029,0.5754659540642019
3203,25898,146.11336782763146,11,33,109,0.2085103096764229,0.3284423507606765,0.47605992740752184
3202,20013,182.09898565932144,8,26,119,0.24938789786638685,0.38400039974016886,0.5255084195273072
3204,19254,169.07899657214085,10,36,136,0.21704580866313494,0.3342162667497663,0.47138256985561444
3105,5326,82.57679309049944,7,22,60,0.25291025159594444,0.40030041306796843,0.5743522343221931
3206,3262,199.9202942979767,10,33,175,0.22225628448804413,0.32280809319435927,0.48497854077253216
3201,2445,204.59754601226993,10,38,163,0.22249488752556237,0.34846625766871164,0.4621676891615542
3212,1971,201.99391171993912,8,31,142,0.24911212582445458,0.3576864535768645,0.4972095383054287
3208,1074,177.04283054003724,6,20,83,0.28584729981378026,0.43202979515828677,0.5782122905027933
3106,769,215.4564369310793,13,39,215,0.17425227568270482,0.3068920676202861,0.4187256176853056
3214,475,211.2,9,33,166,0.22105263157894736,0.3410526315789474,0.4905263157894737
3215,449,197.75055679287306,7,46,190,0.2561247216035635,0.3585746102449889,0.45657015590200445
3207,436,89.88302752293578,5,10,30,0.4724770642201835,0.6307339449541285,0.7522935779816514
3299,387,213.43927648578813,16,83,237,0.165374677002584,0.24031007751937986,0.3178294573643411
3205,289,242.58823529411765,17,57,190,0.1314878892733564,0.20761245674740483,0.3494809688581315
3213,229,144.41048034934497,14,36,87,0.10043668122270742,0.25327510917030566,0.4585152838427948
3110,53,262.0377358490566,10,32,291,0.18867924528301888,0.3018867924528302,0.4716981132075472
3210,46,205.45652173913044,7,36,152,0.2826086956521739,0.391304347826087,0.45652173913043476
3209,9,364.77777777777777,5,220,366,0.3333333333333333,0.3333333333333333,0.3333333333333333
3211,1,1367.0,366,366,366,0.0,0.0,0.0
