column,non_null_count,missing_count,missing_rate
madori_code,9112217,175656,0.018912403302672205
madori_kind_all_label,9112223,175650,0.018911757299006994
kenchiku_date,9178828,109045,0.011740578278794295
house_area,9181374,106499,0.011466457390190412
rosen1_name,9242224,45649,0.004914903552191121
eki1_name,9242301,45572,0.004906613171820932
walk_distance1,9242306,45567,0.004906074835433258
addr1_1_name,9273713,14160,0.00152456864989433
addr1_2_name,9273713,14160,0.00152456864989433
addr2_name,9286959,914,9.840789166690802e-05
bukken_type,9287873,0,0.0
id,9287873,0,0.0
money_room,9287873,0,0.0
pub_end_date,9287873,0,0.0
pub_start_date,9287873,0,0.0
