age_band,layout,n,median,q1,q3,pct_7d,pct_14d,pct_30d,priority_rank
0-5年,1DK,142,37.0,15.25,76.75,0.176056338028169,0.23943661971830985,0.4225352112676056,低
0-5年,1K,1046,12.0,2.0,32.0,0.3977055449330784,0.5669216061185468,0.7332695984703633,高
0-5年,1LDK,603,12.0,4.0,31.0,0.3681592039800995,0.5572139303482587,0.7479270315091211,高
0-5年,1R,417,23.0,6.0,60.0,0.28776978417266186,0.42685851318944845,0.5515587529976019,中
0-5年,2DK,17,5.0,2.0,14.0,0.5294117647058824,0.7647058823529411,1.0,参考値(n不足)
0-5年,2LDK,476,9.5,2.0,27.0,0.46008403361344535,0.6050420168067226,0.7815126050420168,高
0-5年,3DK,0,,,,,,,参考値(n不足)
0-5年,3LDK,131,13.0,6.0,47.0,0.35877862595419846,0.549618320610687,0.6870229007633588,中
5-10年,1DK,74,23.0,9.0,34.75,0.20270270270270271,0.35135135135135137,0.6891891891891891,中
5-10年,1K,1021,9.0,0.0,31.0,0.4564152791380999,0.5817825661116552,0.7433888344760039,高
5-10年,1LDK,858,13.0,5.0,30.0,0.3717948717948718,0.5337995337995338,0.7505827505827506,高
5-10年,1R,254,27.0,6.0,73.75,0.27165354330708663,0.3937007874015748,0.5511811023622047,中
5-10年,2DK,14,13.5,7.75,29.0,0.2857142857142857,0.7142857142857143,0.7142857142857143,参考値(n不足)
5-10年,2LDK,371,10.0,3.0,27.0,0.42318059299191374,0.6145552560646901,0.7897574123989218,高
5-10年,3DK,0,,,,,,,参考値(n不足)
5-10年,3LDK,45,8.0,1.0,20.0,0.4888888888888889,0.6888888888888889,0.8222222222222222,高
10-15年,1DK,92,18.5,6.75,51.0,0.2717391304347826,0.42391304347826086,0.6086956521739131,中
10-15年,1K,1894,1.0,0.0,24.0,0.5939809926082366,0.675818373812038,0.7861668426610349,高
10-15年,1LDK,405,16.0,5.0,42.0,0.3111111111111111,0.48148148148148145,0.6518518518518519,中
10-15年,1R,143,21.0,10.0,59.0,0.1958041958041958,0.34265734265734266,0.5874125874125874,中
10-15年,2DK,14,12.0,4.5,44.5,0.42857142857142855,0.5714285714285714,0.6428571428571429,参考値(n不足)
10-15年,2LDK,136,15.0,5.75,44.25,0.34558823529411764,0.49264705882352944,0.6544117647058824,中
10-15年,3DK,0,,,,,,,参考値(n不足)
10-15年,3LDK,49,22.0,12.0,55.0,0.1836734693877551,0.2857142857142857,0.5306122448979592,中
15-20年,1DK,69,6.0,2.0,27.0,0.5652173913043478,0.6666666666666666,0.8115942028985508,高
15-20年,1K,1953,16.0,3.0,45.0,0.3681515616999488,0.4782386072708653,0.642089093701997,中
15-20年,1LDK,140,15.0,6.0,39.0,0.32142857142857145,0.4928571428571429,0.6928571428571428,中
15-20年,1R,182,27.5,13.0,62.0,0.17582417582417584,0.2967032967032967,0.5384615384615384,中
15-20年,2DK,63,24.0,13.0,60.5,0.15873015873015872,0.31746031746031744,0.6031746031746031,中
15-20年,2LDK,179,16.0,3.5,35.0,0.3743016759776536,0.4692737430167598,0.7039106145251397,高
15-20年,3DK,3,51.0,47.0,88.0,0.0,0.0,0.0,参考値(n不足)
15-20年,3LDK,35,9.0,5.5,32.0,0.37142857142857144,0.5142857142857142,0.7428571428571429,高
20-25年,1DK,141,22.0,6.0,54.0,0.3262411347517731,0.3971631205673759,0.6524822695035462,中
20-25年,1K,1041,27.0,8.0,71.0,0.228626320845341,0.3525456292026897,0.5244956772334294,中
20-25年,1LDK,28,14.5,3.75,42.0,0.42857142857142855,0.5,0.7142857142857143,参考値(n不足)
20-25年,1R,152,37.0,13.75,102.25,0.16447368421052633,0.2631578947368421,0.40789473684210525,低
20-25年,2DK,177,13.0,0.0,39.0,0.4293785310734463,0.5141242937853108,0.6892655367231638,中
20-25年,2LDK,201,17.0,5.0,38.0,0.3283582089552239,0.46766169154228854,0.7014925373134329,中
20-25年,3DK,47,48.0,23.0,78.0,0.06382978723404255,0.14893617021276595,0.3617021276595745,低
20-25年,3LDK,75,13.0,6.5,37.5,0.28,0.5466666666666666,0.6933333333333334,中
25-30年,1DK,69,29.0,12.0,58.0,0.17391304347826086,0.30434782608695654,0.5507246376811594,中
25-30年,1K,994,49.0,18.0,113.75,0.13682092555331993,0.21830985915492956,0.352112676056338,低
25-30年,1LDK,55,31.0,13.5,75.5,0.18181818181818182,0.2727272727272727,0.4909090909090909,低
25-30年,1R,638,46.5,16.0,93.75,0.14576802507836992,0.2335423197492163,0.39655172413793105,低
25-30年,2DK,303,47.0,17.5,93.0,0.12871287128712872,0.2376237623762376,0.38283828382838286,低
25-30年,2LDK,104,21.5,8.75,70.75,0.20192307692307693,0.36538461538461536,0.6057692307692307,中
25-30年,3DK,88,33.0,12.5,81.5,0.19318181818181818,0.3181818181818182,0.4772727272727273,低
25-30年,3LDK,133,23.0,6.0,52.0,0.2932330827067669,0.37593984962406013,0.6165413533834586,中
30-35年,1DK,139,38.0,15.0,93.0,0.12949640287769784,0.2446043165467626,0.4172661870503597,低
30-35年,1K,1083,54.0,18.0,118.0,0.1440443213296399,0.22622345337026778,0.3564173591874423,低
30-35年,1LDK,124,28.5,6.75,69.5,0.27419354838709675,0.3870967741935484,0.5564516129032258,中
30-35年,1R,811,55.0,18.5,123.0,0.13933415536374846,0.22564734895191121,0.3403205918618989,低
30-35年,2DK,474,40.5,17.0,82.75,0.1518987341772152,0.21940928270042195,0.41983122362869196,低
30-35年,2LDK,276,26.5,12.0,55.0,0.16666666666666666,0.3115942028985507,0.5615942028985508,中
30-35年,3DK,239,28.0,13.0,69.0,0.17573221757322174,0.3138075313807531,0.5230125523012552,低
30-35年,3LDK,182,16.0,6.0,56.25,0.3076923076923077,0.46153846153846156,0.5934065934065934,中
35-40年,1DK,95,34.0,9.0,86.5,0.24210526315789474,0.4,0.47368421052631576,低
35-40年,1K,357,53.0,17.0,117.0,0.11484593837535013,0.22969187675070027,0.3753501400560224,低
35-40年,1LDK,58,30.0,8.25,69.25,0.2413793103448276,0.3620689655172414,0.5,低
35-40年,1R,421,56.0,20.0,116.0,0.12114014251781473,0.19239904988123516,0.32779097387173395,低
35-40年,2DK,301,34.0,10.0,74.0,0.21262458471760798,0.31893687707641194,0.4584717607973422,低
35-40年,2LDK,64,23.5,7.0,45.25,0.265625,0.359375,0.59375,中
35-40年,3DK,93,25.0,8.0,53.0,0.23655913978494625,0.3763440860215054,0.5913978494623656,中
35-40年,3LDK,61,20.0,8.0,49.0,0.22950819672131148,0.3770491803278688,0.6065573770491803,中
40-45年,1DK,60,41.0,13.0,80.25,0.2,0.2833333333333333,0.4166666666666667,低
40-45年,1K,110,61.5,20.5,134.25,0.17272727272727273,0.22727272727272727,0.33636363636363636,低
40-45年,1LDK,33,47.0,27.0,70.0,0.09090909090909091,0.15151515151515152,0.3333333333333333,低
40-45年,1R,36,54.5,16.25,89.25,0.2222222222222222,0.25,0.3611111111111111,低
40-45年,2DK,91,61.0,15.0,122.5,0.13186813186813187,0.25274725274725274,0.34065934065934067,低
40-45年,2LDK,22,37.5,17.0,77.0,0.13636363636363635,0.18181818181818182,0.36363636363636365,参考値(n不足)
40-45年,3DK,55,40.0,8.0,91.0,0.23636363636363636,0.34545454545454546,0.4727272727272727,低
40-45年,3LDK,17,41.0,22.0,76.0,0.058823529411764705,0.17647058823529413,0.4117647058823529,参考値(n不足)
45-50年,1DK,26,41.0,26.25,69.25,0.07692307692307693,0.07692307692307693,0.2692307692307692,参考値(n不足)
45-50年,1K,72,51.0,17.0,133.0,0.1527777777777778,0.2222222222222222,0.3888888888888889,低
45-50年,1LDK,17,30.0,7.0,54.0,0.29411764705882354,0.35294117647058826,0.5294117647058824,参考値(n不足)
45-50年,1R,14,17.5,12.0,32.25,0.21428571428571427,0.5,0.7142857142857143,参考値(n不足)
45-50年,2DK,29,38.0,10.0,93.0,0.20689655172413793,0.3793103448275862,0.4482758620689655,参考値(n不足)
45-50年,2LDK,23,26.0,12.5,48.5,0.13043478260869565,0.34782608695652173,0.5652173913043478,参考値(n不足)
45-50年,3DK,13,45.0,6.0,93.0,0.3076923076923077,0.38461538461538464,0.38461538461538464,参考値(n不足)
45-50年,3LDK,5,5.0,0.0,112.0,0.6,0.6,0.6,参考値(n不足)
50-55年,1DK,9,76.0,7.0,117.0,0.3333333333333333,0.3333333333333333,0.3333333333333333,参考値(n不足)
50-55年,1K,12,111.0,65.5,205.5,0.16666666666666666,0.16666666666666666,0.16666666666666666,参考値(n不足)
50-55年,1LDK,8,45.0,22.5,62.0,0.125,0.25,0.375,参考値(n不足)
50-55年,1R,5,69.0,57.0,119.0,0.2,0.2,0.2,参考値(n不足)
50-55年,2DK,7,80.0,35.0,111.0,0.2857142857142857,0.2857142857142857,0.2857142857142857,参考値(n不足)
50-55年,2LDK,4,14.5,5.5,53.75,0.5,0.5,0.75,参考値(n不足)
50-55年,3DK,1,25.0,25.0,25.0,0.0,0.0,1.0,参考値(n不足)
50-55年,3LDK,9,15.0,5.0,21.0,0.3333333333333333,0.4444444444444444,0.7777777777777778,参考値(n不足)
55-60年,1DK,0,,,,,,,参考値(n不足)
55-60年,1K,3,6.0,4.0,16.5,0.6666666666666666,0.6666666666666666,1.0,参考値(n不足)
55-60年,1LDK,0,,,,,,,参考値(n不足)
55-60年,1R,6,23.5,10.0,54.25,0.16666666666666666,0.3333333333333333,0.5,参考値(n不足)
55-60年,2DK,0,,,,,,,参考値(n不足)
55-60年,2LDK,4,41.0,14.25,67.75,0.0,0.25,0.5,参考値(n不足)
55-60年,3DK,2,11.5,7.25,15.75,0.5,0.5,1.0,参考値(n不足)
55-60年,3LDK,0,,,,,,,参考値(n不足)
60-65年,1DK,0,,,,,,,参考値(n不足)
60-65年,1K,2,76.5,41.75,111.25,0.5,0.5,0.5,参考値(n不足)
60-65年,1LDK,0,,,,,,,参考値(n不足)
60-65年,1R,0,,,,,,,参考値(n不足)
60-65年,2DK,0,,,,,,,参考値(n不足)
60-65年,2LDK,0,,,,,,,参考値(n不足)
60-65年,3DK,0,,,,,,,参考値(n不足)
60-65年,3LDK,0,,,,,,,参考値(n不足)
65-70年,1DK,2,7.0,4.0,10.0,0.5,1.0,1.0,参考値(n不足)
65-70年,1K,0,,,,,,,参考値(n不足)
65-70年,1LDK,1,74.0,74.0,74.0,0.0,0.0,0.0,参考値(n不足)
65-70年,1R,2,54.5,37.75,71.25,0.0,0.0,0.5,参考値(n不足)
65-70年,2DK,0,,,,,,,参考値(n不足)
65-70年,2LDK,0,,,,,,,参考値(n不足)
65-70年,3DK,0,,,,,,,参考値(n不足)
65-70年,3LDK,3,1.0,0.5,6.5,0.6666666666666666,1.0,1.0,参考値(n不足)
