age_band,layout,n,mean,median,std,q1,q3,iqr
0-5年,1DK,145,63.93103448275862,37.0,97.6847007790039,15.0,77.0,62.0
0-5年,1K,1091,26.606782768102658,12.0,78.26900396373257,2.0,31.0,29.0
0-5年,1LDK,626,23.51916932907348,12.0,45.10925882730597,4.0,30.75,26.75
0-5年,1R,441,40.945578231292515,20.0,57.23704088893578,6.0,56.0,50.0
0-5年,1SDK,0,,,,,,
0-5年,1SK,5,20.8,4.0,24.38647165950827,3.0,47.0,44.0
0-5年,1SLDK,18,34.333333333333336,30.0,25.747644095539854,19.0,48.75,29.75
0-5年,2DK,17,9.941176470588236,5.0,9.666117293381648,2.0,14.0,12.0
0-5年,2K,1,67.0,67.0,0.0,67.0,67.0,0.0
0-5年,2LDK,503,20.906560636182903,9.0,30.381197279030523,2.0,27.0,25.0
0-5年,2SDK,0,,,,,,
0-5年,2SLDK,28,20.607142857142858,18.0,23.906204503363004,0.0,27.0,27.0
0-5年,3DK,0,,,,,,
0-5年,3K,0,,,,,,
0-5年,3LDK,139,27.1294964028777,12.0,32.876103504348116,5.0,45.0,40.0
0-5年,3SDK,0,,,,,,
0-5年,3SLDK,1,103.0,103.0,0.0,103.0,103.0,0.0
0-5年,4DK,0,,,,,,
0-5年,4K,0,,,,,,
0-5年,4LDK,12,28.666666666666668,13.5,30.458118288839998,12.0,32.25,20.25
0-5年,4SDK,0,,,,,,
0-5年,4SLDK,0,,,,,,
0-5年,5DK,0,,,,,,
0-5年,5LDK,0,,,,,,
0-5年,5SDK,0,,,,,,
0-5年,5SLDK,1,16.0,16.0,0.0,16.0,16.0,0.0
0-5年,6DK,0,,,,,,
0-5年,6K,0,,,,,,
0-5年,6LDK,0,,,,,,
0-5年,6SDK,0,,,,,,
0-5年,6SLDK,0,,,,,,
5-10年,1DK,75,27.706666666666667,23.0,27.858606964131965,8.5,34.5,26.0
5-10年,1K,1139,20.123792800702372,8.0,37.80761987451286,0.0,28.0,28.0
5-10年,1LDK,899,21.763070077864295,13.0,33.4294879019733,5.0,30.0,25.0
5-10年,1R,299,49.83946488294314,18.0,81.82831704766772,3.0,64.5,61.5
5-10年,1SDK,0,,,,,,
5-10年,1SK,16,39.25,36.0,33.08876949459842,12.0,59.75,47.75
5-10年,1SLDK,38,22.342105263157894,12.5,20.536422904643103,7.25,37.0,29.75
5-10年,2DK,14,31.785714285714285,13.5,56.20043603913595,7.75,29.0,21.25
5-10年,2K,2,3.5,3.5,0.7071067811865476,3.25,3.75,0.5
5-10年,2LDK,406,19.911330049261085,9.5,45.47995917025252,2.0,26.0,24.0
5-10年,2SDK,0,,,,,,
5-10年,2SLDK,16,20.9375,11.0,26.64199379425897,4.25,26.0,21.75
5-10年,3DK,0,,,,,,
5-10年,3K,0,,,,,,
5-10年,3LDK,49,18.428571428571427,8.0,28.970531004223353,2.0,17.0,15.0
5-10年,3SDK,0,,,,,,
5-10年,3SLDK,9,82.66666666666667,80.0,62.313722405261586,22.0,125.0,103.0
5-10年,4DK,0,,,,,,
5-10年,4K,0,,,,,,
5-10年,4LDK,35,51.82857142857143,32.0,53.424210040836314,14.0,66.0,52.0
5-10年,4SDK,0,,,,,,
5-10年,4SLDK,1,3.0,3.0,0.0,3.0,3.0,0.0
5-10年,5DK,0,,,,,,
5-10年,5LDK,0,,,,,,
5-10年,5SDK,0,,,,,,
5-10年,5SLDK,0,,,,,,
5-10年,6DK,0,,,,,,
5-10年,6K,0,,,,,,
5-10年,6LDK,0,,,,,,
5-10年,6SDK,0,,,,,,
5-10年,6SLDK,0,,,,,,
10-15年,1DK,92,35.72826086956522,18.5,39.838438355043,6.75,51.0,44.25
10-15年,1K,2086,23.43240651965484,0.0,89.1131201716328,0.0,22.0,22.0
10-15年,1LDK,463,39.77537796976242,14.0,121.56784790200763,4.0,42.0,38.0
10-15年,1R,154,46.85064935064935,21.0,92.4909310140028,9.25,54.5,45.25
10-15年,1SDK,4,29.75,33.0,12.093386622447824,25.0,37.75,12.75
10-15年,1SK,16,23.1875,18.0,17.135611067792905,12.25,27.0,14.75
10-15年,1SLDK,22,29.59090909090909,23.0,29.79718601432515,6.0,44.5,38.5
10-15年,2DK,14,37.07142857142857,12.0,56.709060849370296,4.5,44.5,40.0
10-15年,2K,4,17.25,15.0,6.652067347825035,14.25,18.0,3.75
10-15年,2LDK,163,39.49693251533742,13.0,159.87095004892163,3.5,40.5,37.0
10-15年,2SDK,0,,,,,,
10-15年,2SLDK,10,24.1,12.5,32.09863271577502,8.5,23.75,15.25
10-15年,3DK,0,,,,,,
10-15年,3K,0,,,,,,
10-15年,3LDK,53,39.471698113207545,22.0,38.84367277136201,10.0,51.0,41.0
10-15年,3SDK,0,,,,,,
10-15年,3SLDK,5,54.2,52.0,36.95537849894113,23.0,90.0,67.0
10-15年,4DK,4,57.75,65.5,37.40209441550923,45.75,77.5,31.75
10-15年,4K,0,,,,,,
10-15年,4LDK,1,51.0,51.0,0.0,51.0,51.0,0.0
10-15年,4SDK,0,,,,,,
10-15年,4SLDK,0,,,,,,
10-15年,5DK,0,,,,,,
10-15年,5LDK,0,,,,,,
10-15年,5SDK,0,,,,,,
10-15年,5SLDK,0,,,,,,
10-15年,6DK,0,,,,,,
10-15年,6K,0,,,,,,
10-15年,6LDK,0,,,,,,
10-15年,6SDK,0,,,,,,
10-15年,6SLDK,0,,,,,,
15-20年,1DK,71,24.746478873239436,6.0,52.07157664760502,2.0,27.0,25.0
15-20年,1K,2097,34.5793991416309,14.0,67.15559944810423,2.0,43.0,41.0
15-20年,1LDK,158,37.21518987341772,14.0,127.45956480201028,6.0,35.75,29.75
15-20年,1R,199,59.57286432160804,27.0,148.0629250183399,11.0,62.0,51.0
15-20年,1SDK,0,,,,,,
15-20年,1SK,24,22.708333333333332,13.5,23.6633621902072,3.75,32.25,28.5
15-20年,1SLDK,17,18.941176470588236,16.0,17.918114396593516,5.0,22.0,17.0
15-20年,2DK,72,38.625,23.0,37.97643357455059,13.0,61.25,48.25
15-20年,2K,12,46.0,41.5,29.409336798185212,30.75,59.75,29.0
15-20年,2LDK,200,55.055,17.0,123.30181940402059,4.0,41.0,37.0
15-20年,2SDK,0,,,,,,
15-20年,2SLDK,11,31.727272727272727,20.0,31.73985163510034,5.5,56.5,51.0
15-20年,3DK,3,73.0,51.0,45.21061822182926,47.0,88.0,41.0
15-20年,3K,0,,,,,,
15-20年,3LDK,38,34.3421052631579,12.0,63.861876423363455,5.25,33.0,27.75
15-20年,3SDK,0,,,,,,
15-20年,3SLDK,0,,,,,,
15-20年,4DK,0,,,,,,
15-20年,4K,0,,,,,,
15-20年,4LDK,26,114.8076923076923,48.0,210.70985154582007,34.5,112.5,78.0
15-20年,4SDK,0,,,,,,
15-20年,4SLDK,1,5.0,5.0,0.0,5.0,5.0,0.0
15-20年,5DK,0,,,,,,
15-20年,5LDK,0,,,,,,
15-20年,5SDK,0,,,,,,
15-20年,5SLDK,0,,,,,,
15-20年,6DK,0,,,,,,
15-20年,6K,0,,,,,,
15-20年,6LDK,0,,,,,,
15-20年,6SDK,0,,,,,,
15-20年,6SLDK,0,,,,,,
20-25年,1DK,160,44.925,20.0,147.5675114659442,5.0,46.25,41.25
20-25年,1K,1201,60.64779350541215,25.0,139.40621703213475,8.0,65.0,57.0
20-25年,1LDK,30,28.9,14.0,38.54808908900405,4.25,36.0,31.75
20-25年,1R,173,125.08670520231213,37.0,273.4563621007629,12.0,106.0,94.0
20-25年,1SDK,0,,,,,,
20-25年,1SK,11,42.0,13.0,59.737760252624135,6.0,57.0,51.0
20-25年,1SLDK,4,27.0,22.0,16.30950643030009,16.25,32.75,16.5
20-25年,2DK,209,41.90909090909091,9.0,130.98750807892816,0.0,38.0,38.0
20-25年,2K,12,34.916666666666664,17.5,52.25541874178015,10.75,28.5,17.75
20-25年,2LDK,207,33.04347826086956,15.0,104.27788232046635,4.0,36.5,32.5
20-25年,2SDK,0,,,,,,
20-25年,2SLDK,9,68.88888888888889,22.0,78.76300598067034,12.0,135.0,123.0
20-25年,3DK,50,73.26,53.5,86.57138378122369,23.0,81.5,58.5
20-25年,3K,3,110.0,74.0,69.39740629158989,70.0,132.0,62.0
20-25年,3LDK,80,28.85,13.0,41.79670509695741,6.0,36.0,30.0
20-25年,3SDK,5,29.2,34.0,18.86001060445089,22.0,38.0,16.0
20-25年,3SLDK,7,15.142857142857142,12.0,10.286375640113665,9.0,23.0,14.0
20-25年,4DK,8,125.875,120.0,89.67470976495308,73.5,174.25,100.75
20-25年,4K,0,,,,,,
20-25年,4LDK,19,56.473684210526315,18.0,128.3629266403369,8.5,41.5,33.0
20-25年,4SDK,0,,,,,,
20-25年,4SLDK,2,4.5,4.5,0.7071067811865476,4.25,4.75,0.5
20-25年,5DK,0,,,,,,
20-25年,5LDK,0,,,,,,
20-25年,5SDK,0,,,,,,
20-25年,5SLDK,0,,,,,,
20-25年,6DK,0,,,,,,
20-25年,6K,0,,,,,,
20-25年,6LDK,0,,,,,,
20-25年,6SDK,0,,,,,,
20-25年,6SLDK,1,446.0,446.0,0.0,446.0,446.0,0.0
25-30年,1DK,77,62.97402597402598,29.0,109.36310525107272,12.0,62.0,50.0
25-30年,1K,1079,108.3197405004634,47.0,199.20842119190905,16.0,115.0,99.0
25-30年,1LDK,63,153.52380952380952,34.0,316.19460408072996,13.5,97.0,83.5
25-30年,1R,699,127.76394849785407,53.0,256.5438351019171,18.0,118.0,100.0
25-30年,1SDK,0,,,,,,
25-30年,1SK,1,0.0,0.0,0.0,0.0,0.0,0.0
25-30年,1SLDK,2,113.0,113.0,33.94112549695428,101.0,125.0,24.0
25-30年,2DK,332,107.57530120481928,50.0,211.61339026866096,18.0,103.25,85.25
25-30年,2K,17,59.588235294117645,26.0,85.15358097544211,10.0,58.0,48.0
25-30年,2LDK,124,82.61290322580645,20.5,183.6374436939866,7.5,76.75,69.25
25-30年,2SDK,8,19.75,5.0,27.275054013302547,2.25,29.25,27.0
25-30年,2SLDK,15,46.333333333333336,20.0,52.53252960468081,7.0,72.0,65.0
25-30年,3DK,110,102.5909090909091,39.5,197.3582545791843,13.0,104.75,91.75
25-30年,3K,1,14.0,14.0,0.0,14.0,14.0,0.0
25-30年,3LDK,143,36.68531468531469,21.0,46.35554870238155,6.0,49.0,43.0
25-30年,3SDK,4,12.5,4.0,17.69180601295413,3.0,13.5,10.5
25-30年,3SLDK,4,24.0,21.0,11.944315244779277,19.0,26.0,7.0
25-30年,4DK,13,104.61538461538461,72.0,77.23291446606865,64.0,142.0,78.0
25-30年,4K,0,,,,,,
25-30年,4LDK,16,24.4375,13.0,26.678252691408908,5.5,33.75,28.25
25-30年,4SDK,2,3.5,3.5,0.7071067811865476,3.25,3.75,0.5
25-30年,4SLDK,1,74.0,74.0,0.0,74.0,74.0,0.0
25-30年,5DK,2,19.0,19.0,1.4142135623730951,18.5,19.5,1.0
25-30年,5LDK,0,,,,,,
25-30年,5SDK,0,,,,,,
25-30年,5SLDK,2,13.5,13.5,7.7781745930520225,10.75,16.25,5.5
25-30年,6DK,0,,,,,,
25-30年,6K,0,,,,,,
25-30年,6LDK,0,,,,,,
25-30年,6SDK,0,,,,,,
25-30年,6SLDK,1,5.0,5.0,0.0,5.0,5.0,0.0
30-35年,1DK,159,89.52830188679245,34.0,183.01240918432987,13.0,89.5,76.5
30-35年,1K,1217,104.69926047658176,50.0,173.07834001974982,15.0,116.0,101.0
30-35年,1LDK,141,65.12056737588652,21.0,141.997710000514,6.0,64.0,58.0
30-35年,1R,899,100.45272525027809,50.0,156.27900618363665,15.0,118.0,103.0
30-35年,1SDK,1,14.0,14.0,0.0,14.0,14.0,0.0
30-35年,1SK,0,,,,,,
30-35年,1SLDK,3,15.0,13.0,9.16515138991168,10.0,19.0,9.0
30-35年,2DK,551,86.07441016333938,45.0,132.45711449496883,16.5,98.5,82.0
30-35年,2K,74,99.78378378378379,55.5,113.11883317274612,23.0,141.0,118.0
30-35年,2LDK,294,45.71768707482993,26.5,83.1784045882942,12.0,55.0,43.0
30-35年,2SDK,0,,,,,,
30-35年,2SLDK,8,30.0,20.0,39.01281840626232,2.75,36.75,34.0
30-35年,3DK,262,59.25190839694657,27.5,86.64131755820351,11.25,75.75,64.5
30-35年,3K,6,49.833333333333336,38.5,36.207273670723495,28.75,81.25,52.5
30-35年,3LDK,198,44.51010101010101,16.0,70.6447996296299,6.0,56.25,50.25
30-35年,3SDK,3,20.333333333333332,7.0,23.96525262402492,6.5,27.5,21.0
30-35年,3SLDK,7,13.142857142857142,6.0,19.143567861717695,5.0,9.0,4.0
30-35年,4DK,38,58.73684210526316,33.5,69.5688203733293,11.0,85.5,74.5
30-35年,4K,0,,,,,,
30-35年,4LDK,18,39.72222222222222,23.0,35.35667930167976,14.0,68.5,54.5
30-35年,4SDK,3,65.33333333333333,89.0,46.285346853332896,50.5,92.0,41.5
30-35年,4SLDK,0,,,,,,
30-35年,5DK,0,,,,,,
30-35年,5LDK,2,29.0,29.0,16.97056274847714,23.0,35.0,12.0
30-35年,5SDK,0,,,,,,
30-35年,5SLDK,0,,,,,,
30-35年,6DK,0,,,,,,
30-35年,6K,0,,,,,,
30-35年,6LDK,0,,,,,,
30-35年,6SDK,0,,,,,,
30-35年,6SLDK,0,,,,,,
35-40年,1DK,99,73.56565656565657,40.0,132.19521446278014,9.0,85.5,76.5
35-40年,1K,400,117.8275,48.0,219.8771307464996,16.75,117.0,100.25
35-40年,1LDK,66,57.56060606060606,27.0,94.59811817739275,9.0,71.5,62.5
35-40年,1R,474,92.71729957805907,52.5,151.99593934533357,16.25,114.5,98.25
35-40年,1SDK,0,,,,,,
35-40年,1SK,0,,,,,,
35-40年,1SLDK,4,25.75,7.5,42.098099719583544,0.0,33.25,33.25
35-40年,2DK,352,73.42329545454545,32.0,146.73401648059607,8.75,73.25,64.5
35-40年,2K,72,92.63888888888889,39.5,189.81030601411132,12.5,105.75,93.25
35-40年,2LDK,93,41.97849462365591,18.0,101.60986541612543,7.0,41.0,34.0
35-40年,2SDK,6,32.5,23.5,24.937922928744488,16.0,55.0,39.0
35-40年,2SLDK,1,20.0,20.0,0.0,20.0,20.0,0.0
35-40年,3DK,110,38.68181818181818,23.5,49.83862615697132,8.0,48.0,40.0
35-40年,3K,0,,,,,,
35-40年,3LDK,83,32.89156626506024,15.0,58.73981739431011,7.0,38.0,31.0
35-40年,3SDK,4,63.25,71.5,41.12886253391082,39.0,95.75,56.75
35-40年,3SLDK,0,,,,,,
35-40年,4DK,8,37.375,32.0,29.466385206585098,21.25,49.0,27.75
35-40年,4K,0,,,,,,
35-40年,4LDK,7,113.0,21.0,149.59055228634372,12.5,171.5,159.0
35-40年,4SDK,0,,,,,,
35-40年,4SLDK,0,,,,,,
35-40年,5DK,1,13.0,13.0,0.0,13.0,13.0,0.0
35-40年,5LDK,2,74.5,74.5,3.5355339059327378,73.25,75.75,2.5
35-40年,5SDK,0,,,,,,
35-40年,5SLDK,0,,,,,,
35-40年,6DK,0,,,,,,
35-40年,6K,0,,,,,,
35-40年,6LDK,0,,,,,,
35-40年,6SDK,1,38.0,38.0,0.0,38.0,38.0,0.0
35-40年,6SLDK,0,,,,,,
40-45年,1DK,75,106.66666666666667,41.0,178.97495924300705,11.5,94.0,82.5
40-45年,1K,138,161.08695652173913,59.5,293.2039094714731,22.25,157.5,135.25
40-45年,1LDK,35,161.97142857142856,49.0,375.88057284464276,27.0,73.5,46.5
40-45年,1R,40,72.975,48.5,105.30212638172517,7.75,88.25,80.5
40-45年,1SDK,0,,,,,,
40-45年,1SK,2,269.5,269.5,137.88582233137677,220.75,318.25,97.5
40-45年,1SLDK,2,18.0,18.0,5.656854249492381,16.0,20.0,4.0
40-45年,2DK,106,123.02830188679245,61.0,228.40513118859528,13.0,128.5,115.5
40-45年,2K,40,183.45,78.0,316.257437330202,13.0,191.25,178.25
40-45年,2LDK,24,62.125,40.0,56.98383638099187,19.0,81.0,62.0
40-45年,2SDK,0,,,,,,
40-45年,2SLDK,0,,,,,,
40-45年,3DK,62,80.96774193548387,40.5,115.31041039575408,8.0,95.5,87.5
40-45年,3K,12,248.08333333333334,300.5,159.67834619141146,92.75,393.0,300.25
40-45年,3LDK,17,53.23529411764706,41.0,43.79715945664272,22.0,76.0,54.0
40-45年,3SDK,0,,,,,,
40-45年,3SLDK,0,,,,,,
40-45年,4DK,2,26.0,26.0,25.45584412271571,17.0,35.0,18.0
40-45年,4K,1,23.0,23.0,0.0,23.0,23.0,0.0
40-45年,4LDK,2,117.5,117.5,78.48885271170677,89.75,145.25,55.5
40-45年,4SDK,0,,,,,,
40-45年,4SLDK,1,75.0,75.0,0.0,75.0,75.0,0.0
40-45年,5DK,6,59.0,65.5,43.83605821695194,29.25,69.5,40.25
40-45年,5LDK,0,,,,,,
40-45年,5SDK,0,,,,,,
40-45年,5SLDK,0,,,,,,
40-45年,6DK,1,18.0,18.0,0.0,18.0,18.0,0.0
40-45年,6K,0,,,,,,
40-45年,6LDK,1,3.0,3.0,0.0,3.0,3.0,0.0
40-45年,6SDK,0,,,,,,
40-45年,6SLDK,0,,,,,,
45-50年,1DK,32,58.625,36.5,71.85413091139756,15.75,62.5,46.75
45-50年,1K,77,80.41558441558442,47.0,84.66984653242864,17.0,132.0,115.0
45-50年,1LDK,18,59.05555555555556,30.5,121.07288627454817,8.0,54.0,46.0
45-50年,1R,17,60.11764705882353,24.0,83.9090894606636,12.0,38.0,26.0
45-50年,1SDK,0,,,,,,
45-50年,1SK,0,,,,,,
45-50年,1SLDK,0,,,,,,
45-50年,2DK,37,88.5945945945946,16.0,156.77025998069408,9.0,68.0,59.0
45-50年,2K,22,148.45454545454547,50.5,225.4195511174087,23.25,176.25,153.0
45-50年,2LDK,24,38.333333333333336,27.5,36.947279321695156,12.75,45.25,32.5
45-50年,2SDK,0,,,,,,
45-50年,2SLDK,0,,,,,,
45-50年,3DK,14,52.57142857142857,42.5,53.8026511867703,7.0,86.0,79.0
45-50年,3K,3,207.66666666666666,34.0,301.6659300175168,33.5,295.0,261.5
45-50年,3LDK,6,129.16666666666666,58.5,205.20956767818276,1.25,123.25,122.0
45-50年,3SDK,0,,,,,,
45-50年,3SLDK,1,54.0,54.0,0.0,54.0,54.0,0.0
45-50年,4DK,2,64.0,64.0,82.02438661763951,35.0,93.0,58.0
45-50年,4K,0,,,,,,
45-50年,4LDK,1,53.0,53.0,0.0,53.0,53.0,0.0
45-50年,4SDK,0,,,,,,
45-50年,4SLDK,0,,,,,,
45-50年,5DK,0,,,,,,
45-50年,5LDK,3,18.666666666666668,14.0,15.534906930308058,10.0,25.0,15.0
45-50年,5SDK,1,15.0,15.0,0.0,15.0,15.0,0.0
45-50年,5SLDK,0,,,,,,
45-50年,6DK,0,,,,,,
45-50年,6K,0,,,,,,
45-50年,6LDK,0,,,,,,
45-50年,6SDK,0,,,,,,
45-50年,6SLDK,0,,,,,,
50-55年,1DK,10,152.5,86.5,205.1125707182928,18.5,124.5,106.0
50-55年,1K,12,182.08333333333334,111.0,235.7500441852203,65.5,205.5,140.0
50-55年,1LDK,8,52.25,45.0,44.70778136170161,22.5,62.0,39.5
50-55年,1R,5,80.8,69.0,56.94910008068609,57.0,119.0,62.0
50-55年,1SDK,0,,,,,,
50-55年,1SK,0,,,,,,
50-55年,1SLDK,0,,,,,,
50-55年,2DK,7,70.28571428571429,80.0,50.756655674286655,35.0,111.0,76.0
50-55年,2K,23,43.91304347826087,16.0,69.55632971881545,6.5,56.5,50.0
50-55年,2LDK,8,70.5,9.5,128.48902120970715,5.5,53.75,48.25
50-55年,2SDK,0,,,,,,
50-55年,2SLDK,0,,,,,,
50-55年,3DK,2,757.5,757.5,1035.9114344382922,391.25,1123.75,732.5
50-55年,3K,17,64.70588235294117,47.0,57.222990032287676,31.0,52.0,21.0
50-55年,3LDK,10,123.2,16.5,337.49890534801904,6.5,28.5,22.0
50-55年,3SDK,0,,,,,,
50-55年,3SLDK,0,,,,,,
50-55年,4DK,0,,,,,,
50-55年,4K,0,,,,,,
50-55年,4LDK,0,,,,,,
50-55年,4SDK,0,,,,,,
50-55年,4SLDK,0,,,,,,
50-55年,5DK,1,73.0,73.0,0.0,73.0,73.0,0.0
50-55年,5LDK,0,,,,,,
50-55年,5SDK,0,,,,,,
50-55年,5SLDK,0,,,,,,
50-55年,6DK,1,184.0,184.0,0.0,184.0,184.0,0.0
50-55年,6K,0,,,,,,
50-55年,6LDK,0,,,,,,
50-55年,6SDK,1,49.0,49.0,0.0,49.0,49.0,0.0
50-55年,6SLDK,0,,,,,,
55-60年,1DK,0,,,,,,
55-60年,1K,5,14.2,6.0,13.198484761517134,6.0,27.0,21.0
55-60年,1LDK,0,,,,,,
55-60年,1R,6,34.0,23.5,33.4245418816773,10.0,54.25,44.25
55-60年,1SDK,0,,,,,,
55-60年,1SK,0,,,,,,
55-60年,1SLDK,0,,,,,,
55-60年,2DK,0,,,,,,
55-60年,2K,3,30.333333333333332,6.0,43.015501081974314,5.5,43.0,37.5
55-60年,2LDK,6,28.333333333333332,13.5,31.55101688799692,7.5,54.0,46.5
55-60年,2SDK,0,,,,,,
55-60年,2SLDK,0,,,,,,
55-60年,3DK,2,11.5,11.5,12.020815280171307,7.25,15.75,8.5
55-60年,3K,2,23.0,23.0,0.0,23.0,23.0,0.0
55-60年,3LDK,0,,,,,,
55-60年,3SDK,0,,,,,,
55-60年,3SLDK,0,,,,,,
55-60年,4DK,0,,,,,,
55-60年,4K,0,,,,,,
55-60年,4LDK,0,,,,,,
55-60年,4SDK,0,,,,,,
55-60年,4SLDK,0,,,,,,
55-60年,5DK,0,,,,,,
55-60年,5LDK,1,20.0,20.0,0.0,20.0,20.0,0.0
55-60年,5SDK,0,,,,,,
55-60年,5SLDK,0,,,,,,
55-60年,6DK,0,,,,,,
55-60年,6K,1,62.0,62.0,0.0,62.0,62.0,0.0
55-60年,6LDK,0,,,,,,
55-60年,6SDK,0,,,,,,
55-60年,6SLDK,0,,,,,,
60-65年,1DK,0,,,,,,
60-65年,1K,3,53.333333333333336,7.0,80.25168741735797,7.0,76.5,69.5
60-65年,1LDK,0,,,,,,
60-65年,1R,0,,,,,,
60-65年,1SDK,0,,,,,,
60-65年,1SK,0,,,,,,
60-65年,1SLDK,0,,,,,,
60-65年,2DK,0,,,,,,
60-65年,2K,1,632.0,632.0,0.0,632.0,632.0,0.0
60-65年,2LDK,0,,,,,,
60-65年,2SDK,0,,,,,,
60-65年,2SLDK,0,,,,,,
60-65年,3DK,0,,,,,,
60-65年,3K,0,,,,,,
60-65年,3LDK,0,,,,,,
60-65年,3SDK,0,,,,,,
60-65年,3SLDK,0,,,,,,
60-65年,4DK,0,,,,,,
60-65年,4K,0,,,,,,
60-65年,4LDK,0,,,,,,
60-65年,4SDK,0,,,,,,
60-65年,4SLDK,0,,,,,,
60-65年,5DK,0,,,,,,
60-65年,5LDK,1,930.0,930.0,0.0,930.0,930.0,0.0
60-65年,5SDK,0,,,,,,
60-65年,5SLDK,0,,,,,,
60-65年,6DK,0,,,,,,
60-65年,6K,0,,,,,,
60-65年,6LDK,0,,,,,,
60-65年,6SDK,0,,,,,,
60-65年,6SLDK,0,,,,,,
65-70年,1DK,2,7.0,7.0,8.48528137423857,4.0,10.0,6.0
65-70年,1K,0,,,,,,
65-70年,1LDK,1,74.0,74.0,0.0,74.0,74.0,0.0
65-70年,1R,2,54.5,54.5,47.37615433949868,37.75,71.25,33.5
65-70年,1SDK,0,,,,,,
65-70年,1SK,0,,,,,,
65-70年,1SLDK,0,,,,,,
65-70年,2DK,0,,,,,,
65-70年,2K,0,,,,,,
65-70年,2LDK,0,,,,,,
65-70年,2SDK,0,,,,,,
65-70年,2SLDK,0,,,,,,
65-70年,3DK,0,,,,,,
65-70年,3K,0,,,,,,
65-70年,3LDK,3,4.333333333333333,1.0,6.658328118479393,0.5,6.5,6.0
65-70年,3SDK,0,,,,,,
65-70年,3SLDK,0,,,,,,
65-70年,4DK,0,,,,,,
65-70年,4K,0,,,,,,
65-70年,4LDK,0,,,,,,
65-70年,4SDK,0,,,,,,
65-70年,4SLDK,0,,,,,,
65-70年,5DK,0,,,,,,
65-70年,5LDK,1,269.0,269.0,0.0,269.0,269.0,0.0
65-70年,5SDK,0,,,,,,
65-70年,5SLDK,0,,,,,,
65-70年,6DK,0,,,,,,
65-70年,6K,0,,,,,,
65-70年,6LDK,0,,,,,,
65-70年,6SDK,0,,,,,,
65-70年,6SLDK,0,,,,,,
70-75年,1DK,0,,,,,,
70-75年,1K,0,,,,,,
70-75年,1LDK,0,,,,,,
70-75年,1R,0,,,,,,
70-75年,1SDK,0,,,,,,
70-75年,1SK,0,,,,,,
70-75年,1SLDK,0,,,,,,
70-75年,2DK,0,,,,,,
70-75年,2K,0,,,,,,
70-75年,2LDK,0,,,,,,
70-75年,2SDK,0,,,,,,
70-75年,2SLDK,0,,,,,,
70-75年,3DK,0,,,,,,
70-75年,3K,0,,,,,,
70-75年,3LDK,0,,,,,,
70-75年,3SDK,0,,,,,,
70-75年,3SLDK,0,,,,,,
70-75年,4DK,0,,,,,,
70-75年,4K,0,,,,,,
70-75年,4LDK,0,,,,,,
70-75年,4SDK,0,,,,,,
70-75年,4SLDK,0,,,,,,
70-75年,5DK,0,,,,,,
70-75年,5LDK,0,,,,,,
70-75年,5SDK,0,,,,,,
70-75年,5SLDK,0,,,,,,
70-75年,6DK,0,,,,,,
70-75年,6K,0,,,,,,
70-75年,6LDK,0,,,,,,
70-75年,6SDK,0,,,,,,
70-75年,6SLDK,0,,,,,,
75-80年,1DK,0,,,,,,
75-80年,1K,0,,,,,,
75-80年,1LDK,0,,,,,,
75-80年,1R,0,,,,,,
75-80年,1SDK,0,,,,,,
75-80年,1SK,0,,,,,,
75-80年,1SLDK,0,,,,,,
75-80年,2DK,0,,,,,,
75-80年,2K,0,,,,,,
75-80年,2LDK,0,,,,,,
75-80年,2SDK,0,,,,,,
75-80年,2SLDK,0,,,,,,
75-80年,3DK,0,,,,,,
75-80年,3K,0,,,,,,
75-80年,3LDK,0,,,,,,
75-80年,3SDK,0,,,,,,
75-80年,3SLDK,0,,,,,,
75-80年,4DK,0,,,,,,
75-80年,4K,0,,,,,,
75-80年,4LDK,0,,,,,,
75-80年,4SDK,0,,,,,,
75-80年,4SLDK,0,,,,,,
75-80年,5DK,0,,,,,,
75-80年,5LDK,0,,,,,,
75-80年,5SDK,0,,,,,,
75-80年,5SLDK,0,,,,,,
75-80年,6DK,0,,,,,,
75-80年,6K,0,,,,,,
75-80年,6LDK,0,,,,,,
75-80年,6SDK,0,,,,,,
75-80年,6SLDK,0,,,,,,
80-85年,1DK,0,,,,,,
80-85年,1K,0,,,,,,
80-85年,1LDK,0,,,,,,
80-85年,1R,0,,,,,,
80-85年,1SDK,0,,,,,,
80-85年,1SK,0,,,,,,
80-85年,1SLDK,0,,,,,,
80-85年,2DK,0,,,,,,
80-85年,2K,0,,,,,,
80-85年,2LDK,0,,,,,,
80-85年,2SDK,0,,,,,,
80-85年,2SLDK,0,,,,,,
80-85年,3DK,0,,,,,,
80-85年,3K,0,,,,,,
80-85年,3LDK,0,,,,,,
80-85年,3SDK,0,,,,,,
80-85年,3SLDK,0,,,,,,
80-85年,4DK,0,,,,,,
80-85年,4K,0,,,,,,
80-85年,4LDK,0,,,,,,
80-85年,4SDK,0,,,,,,
80-85年,4SLDK,0,,,,,,
80-85年,5DK,0,,,,,,
80-85年,5LDK,0,,,,,,
80-85年,5SDK,0,,,,,,
80-85年,5SLDK,0,,,,,,
80-85年,6DK,0,,,,,,
80-85年,6K,0,,,,,,
80-85年,6LDK,0,,,,,,
80-85年,6SDK,0,,,,,,
80-85年,6SLDK,0,,,,,,
85-90年,1DK,0,,,,,,
85-90年,1K,0,,,,,,
85-90年,1LDK,0,,,,,,
85-90年,1R,0,,,,,,
85-90年,1SDK,0,,,,,,
85-90年,1SK,0,,,,,,
85-90年,1SLDK,0,,,,,,
85-90年,2DK,0,,,,,,
85-90年,2K,0,,,,,,
85-90年,2LDK,0,,,,,,
85-90年,2SDK,0,,,,,,
85-90年,2SLDK,0,,,,,,
85-90年,3DK,0,,,,,,
85-90年,3K,0,,,,,,
85-90年,3LDK,0,,,,,,
85-90年,3SDK,0,,,,,,
85-90年,3SLDK,0,,,,,,
85-90年,4DK,0,,,,,,
85-90年,4K,0,,,,,,
85-90年,4LDK,0,,,,,,
85-90年,4SDK,0,,,,,,
85-90年,4SLDK,0,,,,,,
85-90年,5DK,0,,,,,,
85-90年,5LDK,0,,,,,,
85-90年,5SDK,0,,,,,,
85-90年,5SLDK,0,,,,,,
85-90年,6DK,0,,,,,,
85-90年,6K,0,,,,,,
85-90年,6LDK,0,,,,,,
85-90年,6SDK,0,,,,,,
85-90年,6SLDK,0,,,,,,
90-95年,1DK,0,,,,,,
90-95年,1K,1,40.0,40.0,0.0,40.0,40.0,0.0
90-95年,1LDK,0,,,,,,
90-95年,1R,0,,,,,,
90-95年,1SDK,0,,,,,,
90-95年,1SK,0,,,,,,
90-95年,1SLDK,0,,,,,,
90-95年,2DK,0,,,,,,
90-95年,2K,0,,,,,,
90-95年,2LDK,0,,,,,,
90-95年,2SDK,0,,,,,,
90-95年,2SLDK,0,,,,,,
90-95年,3DK,0,,,,,,
90-95年,3K,0,,,,,,
90-95年,3LDK,0,,,,,,
90-95年,3SDK,0,,,,,,
90-95年,3SLDK,0,,,,,,
90-95年,4DK,0,,,,,,
90-95年,4K,0,,,,,,
90-95年,4LDK,0,,,,,,
90-95年,4SDK,0,,,,,,
90-95年,4SLDK,0,,,,,,
90-95年,5DK,0,,,,,,
90-95年,5LDK,0,,,,,,
90-95年,5SDK,0,,,,,,
90-95年,5SLDK,0,,,,,,
90-95年,6DK,0,,,,,,
90-95年,6K,0,,,,,,
90-95年,6LDK,0,,,,,,
90-95年,6SDK,0,,,,,,
90-95年,6SLDK,0,,,,,,
