rent_band,n,mean,median,mode_values,mode_tie_count,mode_frequency,min,q1,q3,max,selected_stat,selected_value,selected_value_issue
0-20k,28,163.35714285714286,111.0,6|27|64|83|111,5.0,2.0,6.0,33.75,252.5,591.0,median,111.0,
20-40k,836,120.61363636363636,72.5,6,1.0,21.0,0.0,27.0,156.25,1475.0,median,72.5,
40-60k,5032,82.10810810810811,43.0,6,1.0,182.0,0.0,14.0,100.0,1494.0,median,43.0,
60-80k,7562,38.12007405448294,14.0,0,1.0,1803.0,0.0,1.0,46.0,1401.0,median,14.0,
80-100k,3848,38.271829521829524,21.0,0,1.0,363.0,0.0,6.0,50.0,1353.0,median,21.0,
100-120k,2114,31.920529801324502,16.0,0,1.0,196.0,0.0,6.0,38.75,1438.0,median,16.0,
120-140k,1392,29.341954022988507,15.0,0,1.0,137.0,0.0,5.75,38.0,347.0,median,15.0,
140-160k,719,30.13212795549374,13.0,0,1.0,103.0,0.0,4.0,36.5,842.0,median,13.0,
160-180k,349,38.730659025787965,13.0,0,1.0,42.0,0.0,4.0,40.0,831.0,median,13.0,
180-200k,170,35.85294117647059,13.0,0,1.0,38.0,0.0,1.0,46.25,402.0,median,13.0,
200-220k,60,42.56666666666667,20.0,6,1.0,6.0,0.0,6.0,85.0,146.0,median,20.0,
220-240k,84,51.404761904761905,44.5,6,1.0,5.0,0.0,13.0,78.25,229.0,median,44.5,
240-260k,43,56.25581395348837,43.0,6|8|10|22|27|55,6.0,2.0,0.0,12.0,77.5,269.0,median,43.0,
260-280k,27,21.25925925925926,13.0,12,1.0,4.0,0.0,9.0,29.5,67.0,median,13.0,
280-300k,4,30.0,21.5,1|13|30|76,4.0,1.0,1.0,10.0,41.5,76.0,median,21.5,
300-320k,2,111.0,111.0,32|190,2.0,1.0,32.0,71.5,150.5,190.0,median,111.0,
320-340k,10,30.1,21.0,0,1.0,2.0,0.0,5.25,45.25,99.0,median,21.0,
340-360k,7,79.71428571428571,16.0,3|5|12|16|23|53|446,7.0,1.0,3.0,8.5,38.0,446.0,median,16.0,
360-380k,0,,,,,,,,,,median,,no_valid_values
380-400k,0,,,,,,,,,,median,,no_valid_values
400-420k,0,,,,,,,,,,median,,no_valid_values
420-440k,0,,,,,,,,,,median,,no_valid_values
440-460k,3,61.333333333333336,5.0,5,1.0,2.0,5.0,5.0,89.5,174.0,median,5.0,
460-480k,0,,,,,,,,,,median,,no_valid_values
480-500k,1,676.0,676.0,676,1.0,1.0,676.0,676.0,676.0,676.0,median,676.0,
500-520k,0,,,,,,,,,,median,,no_valid_values
520-540k,0,,,,,,,,,,median,,no_valid_values
540-560k,0,,,,,,,,,,median,,no_valid_values
560-580k,0,,,,,,,,,,median,,no_valid_values
580-600k,1,40.0,40.0,40,1.0,1.0,40.0,40.0,40.0,40.0,median,40.0,
600-620k,0,,,,,,,,,,median,,no_valid_values
620-640k,0,,,,,,,,,,median,,no_valid_values
640-660k,35,87.65714285714286,25.0,25,1.0,4.0,2.0,13.5,64.5,1259.0,median,25.0,
660-680k,0,,,,,,,,,,median,,no_valid_values
680-700k,0,,,,,,,,,,median,,no_valid_values
700-720k,0,,,,,,,,,,median,,no_valid_values
720-740k,0,,,,,,,,,,median,,no_valid_values
740-760k,0,,,,,,,,,,median,,no_valid_values
760-780k,0,,,,,,,,,,median,,no_valid_values
780-800k,0,,,,,,,,,,median,,no_valid_values
800-820k,0,,,,,,,,,,median,,no_valid_values
820-840k,1,1027.0,1027.0,1027,1.0,1.0,1027.0,1027.0,1027.0,1027.0,median,1027.0,
840-860k,0,,,,,,,,,,median,,no_valid_values
860-880k,0,,,,,,,,,,median,,no_valid_values
880-900k,0,,,,,,,,,,median,,no_valid_values
900-920k,0,,,,,,,,,,median,,no_valid_values
920-940k,0,,,,,,,,,,median,,no_valid_values
940-960k,0,,,,,,,,,,median,,no_valid_values
960-980k,0,,,,,,,,,,median,,no_valid_values
980-1000k,0,,,,,,,,,,median,,no_valid_values
1000-1020k,0,,,,,,,,,,median,,no_valid_values
1020-1040k,0,,,,,,,,,,median,,no_valid_values
1040-1060k,0,,,,,,,,,,median,,no_valid_values
1060-1080k,0,,,,,,,,,,median,,no_valid_values
1080-1100k,0,,,,,,,,,,median,,no_valid_values
1100-1120k,0,,,,,,,,,,median,,no_valid_values
1120-1140k,0,,,,,,,,,,median,,no_valid_values
1140-1160k,0,,,,,,,,,,median,,no_valid_values
1160-1180k,0,,,,,,,,,,median,,no_valid_values
1180-1200k,0,,,,,,,,,,median,,no_valid_values
1200-1220k,0,,,,,,,,,,median,,no_valid_values
1220-1240k,0,,,,,,,,,,median,,no_valid_values
1240-1260k,0,,,,,,,,,,median,,no_valid_values
1260-1280k,0,,,,,,,,,,median,,no_valid_values
1280-1300k,0,,,,,,,,,,median,,no_valid_values
1300-1320k,0,,,,,,,,,,median,,no_valid_values
1320-1340k,0,,,,,,,,,,median,,no_valid_values
1340-1360k,0,,,,,,,,,,median,,no_valid_values
1360-1380k,0,,,,,,,,,,median,,no_valid_values
1380-1400k,0,,,,,,,,,,median,,no_valid_values
1400-1420k,0,,,,,,,,,,median,,no_valid_values
1420-1440k,0,,,,,,,,,,median,,no_valid_values
1440-1460k,0,,,,,,,,,,median,,no_valid_values
1460-1480k,0,,,,,,,,,,median,,no_valid_values
1480-1500k,0,,,,,,,,,,median,,no_valid_values
1500-1520k,1,71.0,71.0,71,1.0,1.0,71.0,71.0,71.0,71.0,median,71.0,
1520-1540k,0,,,,,,,,,,median,,no_valid_values
1540-1560k,0,,,,,,,,,,median,,no_valid_values
1560-1580k,0,,,,,,,,,,median,,no_valid_values
1580-1600k,0,,,,,,,,,,median,,no_valid_values
1600-1620k,0,,,,,,,,,,median,,no_valid_values
1620-1640k,0,,,,,,,,,,median,,no_valid_values
1640-1660k,1,234.0,234.0,234,1.0,1.0,234.0,234.0,234.0,234.0,median,234.0,
1660-1680k,0,,,,,,,,,,median,,no_valid_values
1680-1700k,0,,,,,,,,,,median,,no_valid_values
1700-1720k,0,,,,,,,,,,median,,no_valid_values
1720-1740k,0,,,,,,,,,,median,,no_valid_values
1740-1760k,0,,,,,,,,,,median,,no_valid_values
1760-1780k,0,,,,,,,,,,median,,no_valid_values
1780-1800k,0,,,,,,,,,,median,,no_valid_values
1800-1820k,0,,,,,,,,,,median,,no_valid_values
1820-1840k,0,,,,,,,,,,median,,no_valid_values
1840-1860k,0,,,,,,,,,,median,,no_valid_values
1860-1880k,0,,,,,,,,,,median,,no_valid_values
1880-1900k,0,,,,,,,,,,median,,no_valid_values
1900-1920k,0,,,,,,,,,,median,,no_valid_values
1920-1940k,0,,,,,,,,,,median,,no_valid_values
1940-1960k,0,,,,,,,,,,median,,no_valid_values
1960-1980k,0,,,,,,,,,,median,,no_valid_values
1980-2000k,0,,,,,,,,,,median,,no_valid_values
2000-2020k,0,,,,,,,,,,median,,no_valid_values
2020-2040k,0,,,,,,,,,,median,,no_valid_values
2040-2060k,0,,,,,,,,,,median,,no_valid_values
2060-2080k,0,,,,,,,,,,median,,no_valid_values
2080-2100k,0,,,,,,,,,,median,,no_valid_values
2100-2120k,1,151.0,151.0,151,1.0,1.0,151.0,151.0,151.0,151.0,median,151.0,
2120-2140k,0,,,,,,,,,,median,,no_valid_values
2140-2160k,0,,,,,,,,,,median,,no_valid_values
2160-2180k,0,,,,,,,,,,median,,no_valid_values
2180-2200k,0,,,,,,,,,,median,,no_valid_values
2200-2220k,0,,,,,,,,,,median,,no_valid_values
2220-2240k,0,,,,,,,,,,median,,no_valid_values
2240-2260k,0,,,,,,,,,,median,,no_valid_values
2260-2280k,0,,,,,,,,,,median,,no_valid_values
2280-2300k,0,,,,,,,,,,median,,no_valid_values
2300-2320k,0,,,,,,,,,,median,,no_valid_values
2320-2340k,0,,,,,,,,,,median,,no_valid_values
2340-2360k,0,,,,,,,,,,median,,no_valid_values
2360-2380k,0,,,,,,,,,,median,,no_valid_values
2380-2400k,0,,,,,,,,,,median,,no_valid_values
2400-2420k,0,,,,,,,,,,median,,no_valid_values
2420-2440k,0,,,,,,,,,,median,,no_valid_values
2440-2460k,0,,,,,,,,,,median,,no_valid_values
2460-2480k,0,,,,,,,,,,median,,no_valid_values
2480-2500k,0,,,,,,,,,,median,,no_valid_values
2500-2520k,0,,,,,,,,,,median,,no_valid_values
2520-2540k,0,,,,,,,,,,median,,no_valid_values
2540-2560k,0,,,,,,,,,,median,,no_valid_values
2560-2580k,0,,,,,,,,,,median,,no_valid_values
2580-2600k,0,,,,,,,,,,median,,no_valid_values
2600-2620k,0,,,,,,,,,,median,,no_valid_values
2620-2640k,0,,,,,,,,,,median,,no_valid_values
2640-2660k,0,,,,,,,,,,median,,no_valid_values
2660-2680k,0,,,,,,,,,,median,,no_valid_values
2680-2700k,0,,,,,,,,,,median,,no_valid_values
2700-2720k,0,,,,,,,,,,median,,no_valid_values
2720-2740k,0,,,,,,,,,,median,,no_valid_values
2740-2760k,0,,,,,,,,,,median,,no_valid_values
2760-2780k,0,,,,,,,,,,median,,no_valid_values
2780-2800k,0,,,,,,,,,,median,,no_valid_values
2800-2820k,0,,,,,,,,,,median,,no_valid_values
2820-2840k,0,,,,,,,,,,median,,no_valid_values
2840-2860k,0,,,,,,,,,,median,,no_valid_values
2860-2880k,0,,,,,,,,,,median,,no_valid_values
2880-2900k,0,,,,,,,,,,median,,no_valid_values
2900-2920k,0,,,,,,,,,,median,,no_valid_values
2920-2940k,0,,,,,,,,,,median,,no_valid_values
2940-2960k,0,,,,,,,,,,median,,no_valid_values
2960-2980k,0,,,,,,,,,,median,,no_valid_values
2980-3000k,0,,,,,,,,,,median,,no_valid_values
3000-3020k,0,,,,,,,,,,median,,no_valid_values
3020-3040k,0,,,,,,,,,,median,,no_valid_values
3040-3060k,0,,,,,,,,,,median,,no_valid_values
3060-3080k,0,,,,,,,,,,median,,no_valid_values
3080-3100k,0,,,,,,,,,,median,,no_valid_values
3100-3120k,0,,,,,,,,,,median,,no_valid_values
3120-3140k,0,,,,,,,,,,median,,no_valid_values
3140-3160k,0,,,,,,,,,,median,,no_valid_values
3160-3180k,0,,,,,,,,,,median,,no_valid_values
3180-3200k,0,,,,,,,,,,median,,no_valid_values
3200-3220k,0,,,,,,,,,,median,,no_valid_values
3220-3240k,0,,,,,,,,,,median,,no_valid_values
3240-3260k,0,,,,,,,,,,median,,no_valid_values
3260-3280k,0,,,,,,,,,,median,,no_valid_values
3280-3300k,0,,,,,,,,,,median,,no_valid_values
3300-3320k,0,,,,,,,,,,median,,no_valid_values
3320-3340k,0,,,,,,,,,,median,,no_valid_values
3340-3360k,0,,,,,,,,,,median,,no_valid_values
3360-3380k,0,,,,,,,,,,median,,no_valid_values
3380-3400k,0,,,,,,,,,,median,,no_valid_values
3400-3420k,0,,,,,,,,,,median,,no_valid_values
3420-3440k,0,,,,,,,,,,median,,no_valid_values
3440-3460k,0,,,,,,,,,,median,,no_valid_values
3460-3480k,0,,,,,,,,,,median,,no_valid_values
3480-3500k,0,,,,,,,,,,median,,no_valid_values
3500-3520k,0,,,,,,,,,,median,,no_valid_values
3520-3540k,0,,,,,,,,,,median,,no_valid_values
3540-3560k,0,,,,,,,,,,median,,no_valid_values
3560-3580k,0,,,,,,,,,,median,,no_valid_values
3580-3600k,0,,,,,,,,,,median,,no_valid_values
3600-3620k,0,,,,,,,,,,median,,no_valid_values
3620-3640k,0,,,,,,,,,,median,,no_valid_values
3640-3660k,0,,,,,,,,,,median,,no_valid_values
3660-3680k,0,,,,,,,,,,median,,no_valid_values
3680-3700k,0,,,,,,,,,,median,,no_valid_values
3700-3720k,0,,,,,,,,,,median,,no_valid_values
3720-3740k,0,,,,,,,,,,median,,no_valid_values
3740-3760k,0,,,,,,,,,,median,,no_valid_values
3760-3780k,0,,,,,,,,,,median,,no_valid_values
3780-3800k,1,151.0,151.0,151,1.0,1.0,151.0,151.0,151.0,151.0,median,151.0,
